Membership,UserName,Email,FirstLineAddress,SecondLineAddress,PINCODE,Phone number,passwordVal
0,Zachery Galway,zgalway0@xrea.com,55313 Oriole Hill,Suite 40,53341,264-526-3439,m9H@wPq5
1,Claybourne Iacomettii,ciacomettii1@google.de,23 Thompson Road,Apt 892,502695,474-126-8440,j*E5tL7r
1,Meriel O'Kenny,mokenny2@dailymail.co.uk,2734 Sachtjen Drive,Room 651,204032,252-205-7871,s#R8pG2k
1,Hasheem Tomsen,htomsen3@oaic.gov.au,6692 Clyde Gallagher Circle,14th Floor,644083,106-816-3615,c3K&pN!9
0,Leontyne Kellar,lkellar4@nih.gov,1602 Scoville Park,Suite 17,670762,967-878-3329,g@Y7qB2v
0,Billie Skaife,bskaife5@wix.com,83 Brown Park,Suite 80,865148,796-471-7194,u2X$eF6w
1,Emalee Chapleo,echapleo6@shop-pro.jp,0792 Petterle Crossing,Room 175,598186,518-665-8162,b6L%kS1z
0,Melania Plastow,mplastow7@ucoz.ru,4 Eastlawn Drive,Suite 66,86194,807-347-6932,v3J!wK9p
1,Alvera Blowin,ablowin8@ask.com,0 Nevada Plaza,Room 494,139677,607-146-4664,n@Z4hC7x
0,Emili Oleszcuk,eoleszcuk9@stanford.edu,6 Eagle Crest Park,11th Floor,123389,514-960-5862,f7P$lQ3m
0,See Ray,sraya@shutterfly.com,2801 Oneill Point,PO Box 58523,161785,260-540-0632,r9M!sT6j
0,Laurie Wordley,lwordleyb@angelfire.com,5 Riverside Trail,Suite 66,810276,353-488-7662,d#G2bR8t
0,Jeramey Dumblton,jdumbltonc@blinklist.com,7 Thompson Avenue,Room 1948,992692,302-915-2008,x8W&mD5y
1,Garvin Markova,gmarkovad@comsenz.com,74 Gina Terrace,PO Box 30427,368065,151-283-7373,z1Q@nV4u
0,Eada Beveridge,ebeveridgee@multiply.com,85662 Caliangt Hill,16th Floor,938975,167-814-2566,l5A$pE7o
0,Alastair Walsh,awalshf@tinyurl.com,79724 Vera Junction,Room 493,453001,642-123-9938,h@U6gX2i
0,Perkin Petasch,ppetaschg@elpais.com,713 Surrey Junction,Suite 9,717228,213-960-9203,p4O%lY9f
1,Letitia Bowich,lbowichh@addtoany.com,42 Jay Lane,Room 970,861969,137-573-0884,y2C!vZ6q
0,Travers Tweedie,ttweediei@vinaora.com,70 Milwaukee Avenue,Suite 5,121357,368-341-9795,w%I3fH8d
0,Pippy Baal,pbaalj@gizmodo.com,82622 Division Hill,PO Box 25098,222111,109-163-3078,k6N#oR1a
